id	first_name	last_name	email		likes	comments
1070	Perle	Hardistry	phardistry1u@mayoclinic.com		4958	5321
1131	Fritz	Casino	fcasino32@g.co		6923	9304
1035	Kimbell	De Beauchamp	kdebeauchamp46@weibo.com		6422	9883
1145	Lilith	Lindelof	llindelof5q@ucsd.edu		6079	7193
1195	Brennan	Domek	bdomek8s@disqus.com		4910	9169
1055	Robers	Dudin	rdudina9@virginia.edu		8343	6107
1117	Hyacinthie	Thomton	hthomtong8@bing.com		7849	8150
1003	Jeanne	Dallison	jdallisonir@japanpost.jp		7541	7555
1179	Erik	Grinstead	egrinsteadm9@cafepress.com		6600	7582
